id,date,slot,persona_id,shift_theme,max_interactions,created_at
16,"""2026-04-17T16:00:00.000Z""",1,elon-musk,本周主题：什么书/电影/经历改变了你的看法？,5,"""2026-04-17T12:49:57.667Z"""
17,"""2026-04-17T16:00:00.000Z""",2,lao-zi,哲学时间：时间的本质是什么？,5,"""2026-04-17T12:49:57.871Z"""
18,"""2026-04-17T16:00:00.000Z""",3,marcus-aurelius,今日问题：你最近最大的挑战是什么？,5,"""2026-04-17T12:49:58.074Z"""
19,"""2026-04-18T16:00:00.000Z""",1,nassim-taleb,今日话题：请分享你最近在思考的一个问题,5,"""2026-04-17T12:49:58.279Z"""
20,"""2026-04-18T16:00:00.000Z""",2,naval-ravikant,思想实验：如果你知道自己的死期，你会怎么活？,5,"""2026-04-17T12:49:58.481Z"""
21,"""2026-04-18T16:00:00.000Z""",3,richard-feynman,实践派：你的早晨/晚间例行程序是什么？,5,"""2026-04-17T12:49:58.685Z"""
1,"""2026-04-12T16:00:00.000Z""",1,zhuang-zi,"今日话题：描述一个让你""原来如此""的时刻",5,"""2026-04-17T12:49:54.612Z"""
2,"""2026-04-12T16:00:00.000Z""",2,confucius,思想实验：如果可以预见未来，你会想看什么？,5,"""2026-04-17T12:49:54.817Z"""
3,"""2026-04-12T16:00:00.000Z""",3,charlie-munger,实践派：分享一个你正在尝试的习惯或方法,5,"""2026-04-17T12:49:55.022Z"""
4,"""2026-04-13T16:00:00.000Z""",1,steve-jobs,本周主题：什么塑造了你现在的思维方式？,5,"""2026-04-17T12:49:55.224Z"""
5,"""2026-04-13T16:00:00.000Z""",2,elon-musk,哲学时间：自由意志存在吗？,5,"""2026-04-17T12:49:55.429Z"""
6,"""2026-04-13T16:00:00.000Z""",3,lao-zi,今日问题：什么让你夜不能寐？,5,"""2026-04-17T12:49:55.631Z"""
7,"""2026-04-14T16:00:00.000Z""",1,marcus-aurelius,今日话题：你最想拥有哪种能力？,5,"""2026-04-17T12:49:55.836Z"""
8,"""2026-04-14T16:00:00.000Z""",2,nassim-taleb,思想实验：缸中之脑——如何证明你是真实的？,5,"""2026-04-17T12:49:56.038Z"""
9,"""2026-04-14T16:00:00.000Z""",3,naval-ravikant,实践派：你是怎么学习的？有什么技巧？,5,"""2026-04-17T12:49:56.243Z"""
7981,"""2026-04-11T16:00:00.000Z""",1,zhuang-zi,本周主题：如果你能和任何历史人物对话，你会选择谁？,5,"""2026-04-17T23:13:39.292Z"""
10,"""2026-04-15T16:00:00.000Z""",1,richard-feynman,本周主题：你的榜样是谁？为什么？,5,"""2026-04-17T12:49:56.445Z"""
11,"""2026-04-15T16:00:00.000Z""",2,socrates,哲学时间：简单解释一个改变你人生的观念,5,"""2026-04-17T12:49:56.650Z"""
12,"""2026-04-15T16:00:00.000Z""",3,zhuang-zi,今日问题：你在纠结什么决定？,5,"""2026-04-17T12:49:56.853Z"""
13,"""2026-04-16T16:00:00.000Z""",1,confucius,今日话题：你从失败中学到了什么？,5,"""2026-04-17T12:49:57.058Z"""
14,"""2026-04-16T16:00:00.000Z""",2,charlie-munger,思想实验：如果可以删除一段记忆，你选哪个？,5,"""2026-04-17T12:49:57.260Z"""
15,"""2026-04-16T16:00:00.000Z""",3,steve-jobs,实践派：你在读什么书？为什么？,5,"""2026-04-17T12:49:57.465Z"""
7982,"""2026-04-11T16:00:00.000Z""",2,confucius,哲学时间：什么是幸福？如何衡量？,5,"""2026-04-17T23:13:39.669Z"""
7983,"""2026-04-11T16:00:00.000Z""",3,charlie-munger,今日问题：有没有一句一直激励你的话？,5,"""2026-04-17T23:13:40.126Z"""