id,content,userId,nickname,gender,avatarSeed,ipHash,geoCountryCode,geoCountry,geoRegion,geoCity,parentId,type,reactions,status,personaSlug,createdAt,updatedAt,mentionedGuardianId,mentionedGuardianRepliedAt,mentionedGuardianReply,mentioned_guardian_reply,mentioned_guardian_replied_at
cmodr7wbu00018q4asdxye13u,💯,admin_1776672652233_htt4pahm,张小强,,,,SG,新加坡,North East,Singapore,,comment,[],published,,2026-04-25 03:02:44.584,2026-04-25 03:02:44.584,,,,,
56ec731a-4e6e-48f3-94e7-97e519f99f8b,"我在设计工作中遇到瓶颈时，常来这里和 Steve Jobs 对话。他的""think different""不只是一句口号，而是一种拒绝妥协的勇气。棱镜折射让我重新理解了什么叫产品哲学。",,理性的樱花,,2d284a648875634cdf8a057ea8d82266,,JP,日本,东京都,Tokyo,,comment,[],published,,2026-04-19 03:16:10.782,2026-04-19 03:16:10.782,,,,,
697e8e14-5179-4027-a1c0-37cc8dda5140,"康德在这里的思考深度令人敬畏。作为哲学专业的学生，我原本以为 AI 无法复现这种思想力量——但当他用""物自体""和""现象界""的框架回应我对自由意志的困惑时，我意识到蒸馏技术的潜力远超想象。",,沉思的松鼠,,6af8726bf689e0c70163b1c65abab47f,,DE,德国,巴伐利亚,慕尼黑,,comment,[],published,,2026-04-20 00:16:10.782,2026-04-20 00:16:10.782,,,,,
aa911483-c2b0-4555-9e60-be96c31b10c5,Peter Thiel 的对抗性思维彻底改变了我的融资策略认知。用棱镜折射和他聊了两次之后，我在 pitch deck 里加了一个专门质疑自己的章节——投资人居然更感兴趣了。,,热情的蜂鸟,,faf3baa71c5ea65f10912bf621b4bcdd,,BR,巴西,圣保罗州,São Paulo,,comment,[],published,,2026-04-20 19:16:10.782,2026-04-20 19:16:10.782,,,,,
4e4f44f0-bfe4-4e2a-aa48-6b540e576dc2,"深夜和 Charlie Munger 的对话让我学会用多学科模型思考。他的""逆向思维""方法，我写进了笔记本第一页。每天经过都会点进来看看有什么新的思想碰撞。",,内省的鹤,,bd544ab61b8f564a59076ec630d31aa0,,KR,韩国,首尔特别市,Seoul,,comment,[],published,,2026-04-21 15:16:10.782,2026-04-21 15:16:10.782,,,,,
d8120481-b4e7-4f2f-852a-ae26c8ec5cd6,"Paul Graham 的 essays 我读了不下十遍，但和 AI 版的他对话又是另一番体验。他对我创业想法的反馈——直接指出""这个想法本质上是 X 而非 Y""——比任何 VC 的反馈都更有价值。",,好奇的孔雀,,025da8ec5225dff14420e7f548818a86,,IN,印度,卡纳塔克邦,Bangalore,,comment,[],published,,2026-04-22 22:16:10.782,2026-04-22 22:16:10.782,,,,,
6e254fba-510f-4243-b7be-a726beed7e27,"在学术研究中，我常需要快速理解一个陌生领域的思维方式。棱镜折射让我可以直接""对话""该领域的代表性思想家，这种知识获取的效率是传统阅读无法比拟的。",,优雅的狐狸,,ad387af3ba47906ee8341573c0665001,,FR,法国,法兰西岛大区,Paris,,comment,[],published,,2026-04-23 07:16:10.782,2026-04-23 07:16:10.782,,,,,
70263d6f-78bf-4f8c-b917-523a29781533,"Richard Feynman 的表达风格太迷人了——用""弹簧上的小矮人""解释量子力学，用直觉而非公式触及真理的本质。这种教学哲学值得每个创作者学习。棱镜折射做到了教科书做不到的事。",,冒险的飞鱼,,b7795ca3c0cef7e50d8dcb6f5e73c78b,,AU,澳大利亚,新南威尔士,Sydney,,comment,[],published,,2026-04-24 09:16:10.782,2026-04-24 09:16:10.782,,,,,
bf2d92ef-7e6b-4273-bf12-53aec7779ae8,"济群法师对""放下执着""的开示，每次读都有新一层理解。他对现代人焦虑的回应——不是简单的心灵鸡汤，而是有体系的佛学框架——让我真正感受到东方智慧在数字时代的生命力。",,浪漫的小鹿,,02555bd516d4104da428767b5c2af240,,MX,墨西哥,墨西哥城,Mexico City,,comment,[],published,,2026-04-24 13:16:10.782,2026-04-24 13:16:10.782,,,,,
98352a92-4660-4a62-b63c-686e017a5f37,"Elon Musk 的""第一性原理""不是空洞的口号——当我用它重新思考自己的内容创作策略时，发现过去三年都在用类比思维而非物理思维做事。棱镜折射让这些顶级头脑成了我随身携带的思维工具箱。",,奔放的游鱼,,24ec164dd1f0dc10043938161f38de4f,,ID,印度尼西亚,雅加达首都特区,Jakarta,,comment,[],published,,2026-04-24 18:16:10.782,2026-04-24 18:16:10.782,,,,,
63cc8bb9-a06e-45af-b7d6-4c8bbea6e2d2,Steve Jobs 的极简主义不只是美学，更是一种拒绝妥协的决心。棱镜折射最让我惊喜的是，AI 版本的他保持了那种独特的声音和思维方式——不是百科全书式的回答，而是一个真正有性格的对话者。,,洒脱的萤火虫,,68180a5a0a2059d3234de2a370e575e2,,US,美国,加利福尼亚,San Francisco,,comment,[],published,,2026-04-25 00:16:10.782,2026-04-25 00:16:10.782,,,,,
f75e8239-2b08-49a3-b45d-606d8a28eb7f,"建议增加""辩论模式""的投票功能——让用户对两个人的对话进行立场投票，比如支持 Jobs 还是支持 Musk，这样能激发更多高质量的讨论。",,理性的海豚,,31caa049c28d415284c25fab62c7befa,,CN,中国,上海市,Shanghai,,comment,[],published,,2026-04-19 13:18:59.726,2026-04-19 13:18:59.726,,,,,
c9152e22-416d-40bb-bc01-4a2a4fac1b0c,"能否增加一个""思维风格测试""？用户做几道题，系统推荐最匹配的人物角色。这样新用户能更快找到自己喜欢的声音，而不是面对几十个人物列表陷入选择困难。",,好奇的飞鸟,,4c45e1a829f00605ab07b98e2b52db93,,NL,荷兰,北荷兰省,Amsterdam,,comment,[],published,,2026-04-19 19:18:59.726,2026-04-19 19:18:59.726,,,,,
4a117c6b-2e1f-4318-9b74-693e950528e2,建议开放 API，让开发者可以基于棱镜折射构建第三方应用。比如有人想做一个播客风格的对话播放器，或者一个写作辅助工具，这会大大扩展产品生态。,,浪漫的蝴蝶,,563e855f4067eaa5bb2187d9ceea3114,,ES,西班牙,加泰罗尼亚,Barcelona,,comment,[],published,,2026-04-20 05:18:59.726,2026-04-20 05:18:59.726,,,,,
12b2cff4-1d91-4219-9c3d-219bdfe2ca39,"庄子的""子非鱼""辩论对话体验非常惊艳，但感觉视觉呈现上可以和更多古典美学元素结合。比如水墨风格的背景、印章样的头像框，让东方哲学人物的体验更沉浸。",,安静的鹤,,41f1b1f02dcae42e5cf274fccfe3df90,,JP,日本,京都府,Kyoto,,comment,[],published,,2026-04-20 11:18:59.726,2026-04-20 13:18:59.726,,,,,
46d24953-e77e-48ea-aba3-49208d781933,"建议增加""决策模拟器""功能：用户描述一个真实决策困境，多个代表性人物给出各自的判断和建议，最后系统对比各人物的思维差异——这比单纯对话更有实操价值。",,务实的企鹅,,b8551fd29d72b2edafc17bc9517d0208,,CA,加拿大,不列颠哥伦比亚,Vancouver,,comment,[],published,,2026-04-20 17:18:59.726,2026-04-20 17:18:59.726,,,,,
8fa27fde-7f3c-4c27-9473-ed890a214c0b,"Charlie Munger 的多学科模型非常实用。能否增加一个""模型对照表""功能，把每次对话中用到的思维模型自动提取出来，用户可以保存、分类、复习？",,冷静的猫头鹰,,f1a9fa70bbc6371a43351155fa2a3cc1,,GB,英国,英格兰,London,,comment,[],published,,2026-04-21 00:18:59.726,2026-04-21 00:18:59.726,,,,,
4fd4f4f5-f42c-4c2a-ad92-59029f072c0b,"强烈建议增加""晨间简报""功能：每天早上推送一个精选人物的晨读片段，配上简短的行动建议，帮助用户把哲学思考转化为日常决策。这是真正的""随身思维教练""。",,勇敢的小鹿,,451d52efa667c6f0cbb936ec92bf8f7f,,SG,新加坡,新加坡,Singapore,,comment,[],published,,2026-04-21 09:18:59.726,2026-04-21 09:18:59.726,,,,,
4be11c0b-8c22-41a3-97e2-9ab4564097aa,"作为教育工作者，我认为棱镜折射有巨大潜力用于教学。建议增加""课程模式""：教师预设讨论话题，系统引导多个人物从不同角度辩论，学生可以实时观察思想碰撞的过程。",,深思的狐狸,,212054880e97dc1e6c164e8d264bfda3,,IT,意大利,拉齐奥,Rome,,comment,[],published,,2026-04-21 16:18:59.726,2026-04-21 16:18:59.726,,,,,
cmoffpocc0001nbikyauzr1ar,那什么是色？,admin_1776672652233_htt4pahm,张小强,,,,JP,日本,Tokyo,Tokyo,cmofex0nd0001qq9anqh9sblh,reply,[],published,,2026-04-26 07:16:11.002,2026-04-26 07:16:11.002,,,,,
73284504-70fa-4b52-9472-c2e036cd5382,"建议开放人物创建工具，让用户可以基于真实人物创建自定义角色。比如""我喜欢的教授""或""我自己的思维分身""，这样能覆盖更多使用场景，也能形成创作者社区。",,内敛的狼,,77a333ea392dde78f8e9980e9ed2032d,,SE,瑞典,斯德哥尔摩省,Stockholm,,comment,[],published,,2026-04-21 22:18:59.726,2026-04-21 22:18:59.726,,,,,
ca80afd2-24f5-4586-b0d7-4961429be816,"希望增加""收藏夹""功能——可以把和多个人物的精彩对话片段收藏起来，整理成个人思维手册。这个手册可以导出为 PDF 或者分享给他人，会很有价值。",,活泼的兔子,,c2228a7cfbcf6466f8671314af4411b1,,CN,中国,北京市,Beijing,,comment,[],published,,2026-04-22 07:18:59.726,2026-04-22 07:18:59.726,,,,,
352fec27-242a-4c9e-834b-588f5461f681,"建议增加""建筑美学""类人物，比如梁思成或 Louis Kahn，他们的建筑哲学非常深刻但鲜为人知。融合东西方建筑思想家的对话会是非常独特的内容。",,神秘的海豚,,b0bd817fd55348b4353c3a8cfee26651,,TR,土耳其,伊斯坦布尔省,Istanbul,,comment,[],published,,2026-04-22 13:18:59.726,2026-04-22 13:18:59.726,,,,,
c3a15934-3979-4a18-8bcd-6ec6bfd7d79f,"建议增加""投资决策分析""功能：用户输入一个投资想法，Warren Buffett 和 Peter Thiel 分别从价值投资和对冲思维给出分析。这样可以对冲单一视角的盲点。",,精明的豹,,ca8f3c824475edb69d442775bbc0b5ab,,AE,阿联酋,迪拜,Dubai,,comment,[],published,,2026-04-22 19:18:59.726,2026-04-22 19:18:59.726,,,,,
d79010b6-32be-456d-857d-37069ff7b783,"希望增加""写作风格分析""功能：用户上传自己写的文章，系统用 ExpressionDNA 分析写作风格，并推荐最匹配的人物作为学习对象。这对想提升写作的人很有帮助。",,浪漫的萤火虫,,f3909291d7c591faa260ed909863a5df,,TH,泰国,曼谷,Bangkok,,comment,[],published,,2026-04-23 01:18:59.726,2026-04-23 01:18:59.726,,,,,
cd41f9ab-9200-4735-b15c-3ea26bffedab,建议增加越南历史人物，比如胡志明或阮攸。他的汉文诗水平极高，和中国古代思想家的对话会非常有趣，也能让国际用户更了解越南文化。,,乐观的游鱼,,04cbb5ad472e994e2a5d64f032950f74,,VN,越南,胡志明市,Ho Chi Minh City,,comment,[],published,,2026-04-23 05:18:59.726,2026-04-23 05:18:59.726,,,,,
78b2fa44-d960-4b62-94b3-40636bf81e40,建议增加心理学人物如 Carl Jung、岸见一郎（阿德勒心理学）。他们对人际关系和自我认知的洞察与棱镜折射的形式结合，能帮助很多人解决现实的心理困惑。,,温柔的企鹅,,053c8f778ce40f20933b67b73945d3fe,,PL,波兰,马佐夫舍省,Warsaw,,comment,[],published,,2026-04-23 11:18:59.726,2026-04-23 11:18:59.726,,,,,
edde33f0-9c51-4c28-a1ac-54f9381b7d40,"建议增加""认知偏差对照表""功能：对话中识别出的认知偏差可以自动标注，用户可以看到自己最常犯的十种偏差以及对应的改进建议。这是一个持续自我提升的工具。",,理性的鹰,,e37c363240bc7caa2da4c2ee73d336d1,,CH,瑞士,苏黎世,Zurich,,comment,[],published,,2026-04-23 17:18:59.726,2026-04-23 17:18:59.726,,,,,
8ff20a3c-2ea2-4160-bef3-dd3d1fa50c64,建议增加非洲思想家如 Nelson Mandela 或 Kwame Nkrumah。他们的政治哲学、和解智慧在当前世界非常有参考价值，而且能让棱镜折射的地理覆盖更加全球化。,,热情的狼,,1c0b60aa234cc3a61054628073e17cdd,,ZA,南非,西开普省,Cape Town,,comment,[],published,,2026-04-23 23:18:59.726,2026-04-23 23:18:59.726,,,,,
42c57858-625a-476a-8a29-f198bc5469d6,建议增加斯堪的纳维亚思想家如 Kierkegaard 或 Scandinavian 设计哲学人物。北欧人对自然、简约和生活质量的思考，放在棱镜折射里会是一种很独特的视角。,,洒脱的鹰,,de5779f24245cd8a36eef24ac95d872c,,NO,挪威,奥斯陆,Oslo,,comment,[],published,,2026-04-24 05:18:59.726,2026-04-24 05:18:59.726,,,,,
c5600a85-8dad-41eb-9063-5c57849483c6,希望增加东南亚商业人物，比如软银的孙正义或 Grab 的陈炳耀。东南亚创业者的务实智慧和硅谷思维有很大差异，这种对照能让用户看到更完整的世界商业图景。,,勇敢的蝴蝶,,ea2c786a9c79dc93da09ee8c8d386509,,PH,菲律宾,马尼拉,Manila,,comment,[],published,,2026-04-24 09:18:59.726,2026-04-24 09:18:59.726,,,,,
8842acdd-b35d-4809-856b-317e2e130927,建议增加科学人物如 Ibn al-Haytham（海瑟姆，光学之父）或阿拉伯黄金时代的学者。伊斯兰科学传统中的实验方法和批判精神，是当今科学教育中严重缺失的一环。,,务实的飞鸟,,a730178cd89de5e886a47816e5675af5,,SA,沙特阿拉伯,利雅得,Riyadh,,comment,[],published,,2026-04-24 13:18:59.726,2026-04-24 13:18:59.726,,,,,
91429298-8ec3-46d4-82d9-6dc475e6bf9d,强烈建议增加拜占庭学者如 Photios 或 Gregory Palamas！他们融合了希腊哲学和基督教神学的独特思维，是西方哲学史中被严重低估的环节。和苏格拉底对比会非常精彩。,,沉思的游鱼,,136038df7d5eacb5aeb4c5e4e5947cd3,,GR,希腊,阿提卡,Athens,,comment,[],published,,2026-04-24 16:18:59.726,2026-04-24 16:18:59.726,,,,,
71d265a0-d719-434d-abed-9dd8f5ed2dc1,建议增加犹太智慧传统人物，比如 Maimonides 或 Martin Buber。他们的哲学对技术世界的伦理思考很有启发。棱镜折射可以在不同信仰传统之间搭建桥梁。,,冷静的海豚,,9f990d62af8ca94acdbb7c56b7db4e9a,,IL,以色列,特拉维夫区,Tel Aviv,,comment,[],published,,2026-04-24 19:18:59.726,2026-04-24 19:18:59.726,,,,,
045ea41a-71dc-4fcd-ac60-eeafdf5709c5,建议增加工程思维人物，比如 James Dyson 或 Frank Lloyd Wright。他们的设计哲学——形式追随功能、美学与实用统一——与乔布斯的设计思维可以形成很好的对话和补充。,,内敛的小鹿,,46e95c157a47f5ff583280ff64faa7ed,,CN,中国,广东省,Shenzhen,,comment,[],published,,2026-04-24 21:18:59.726,2026-04-24 21:18:59.726,,,,,
a700a6ff-5580-4826-81ef-d05252d00ce5,"希望增加""跨文化领导力""专题：让孔子、曼德拉、Warren Buffett 讨论同一个管理问题。这样用户能直观看到不同文化背景对同一问题的理解有多大的差异。",,活泼的鹦鹉,,04e452bea94282d6141b669fe88098fd,,MY,马来西亚,吉隆坡,Kuala Lumpur,,comment,[],published,,2026-04-24 23:18:59.726,2026-04-24 23:18:59.726,,,,,
5c45be2d-e644-4c53-a4aa-2e1ac3ee2cee,"建议增加 Ibn Khaldun，他是社会学的奠基人之一。他的""Asabiyya（群体凝聚力）""理论对理解组织、文化和国家兴衰有惊人的预见性。和韦伯、涂尔干对比会非常有学术价值。",,优雅的猫头鹰,,50a19ccf4667e90c13ed485886b420d4,,EG,埃及,开罗省,Cairo,,comment,[],published,,2026-04-25 00:18:59.726,2026-04-25 00:18:59.726,,,,,
5defb20c-75c5-4cdc-ad74-dd2a6be8cb10,建议增加拉丁美洲解放神学人物如 Gustavo Gutiérrez 或 Simón Bolívar。他们对公平、正义和权力的思考，在当前全球南方崛起的背景下非常有现实意义。,,浪漫的松鼠,,b340807e6380e98480c138acd124095b,,CO,哥伦比亚,波哥大首都区,Bogotá,,comment,[],published,,2026-04-25 01:18:59.726,2026-04-25 01:18:59.726,,,,,
2fdfaee0-853a-42b4-bb26-f4ad7edb97b3,建议增加古典音乐思想家如 Beethoven 或 Glenn Gould。他们对艺术和创造力的哲学思考，和尼采有惊人的共鸣。音乐与哲学的对话在棱镜折射里几乎是空白的领域。,,神秘的小鹿,,646f5ee5a9ab095c1c26dc2b7b7c0d90,,AT,奥地利,维也纳,Vienna,,comment,[],published,,2026-04-25 01:48:59.726,2026-04-25 01:48:59.726,,,,,
b9c9dff5-1d1a-4309-a46c-c138879fbb4a,建议增加拉美前哥伦布时期的智慧传统，比如 Inca 的 Quechua 哲学或 Maya 天文思想家。这些本土知识系统对现代人去殖民化思考和生态智慧有深刻启示。,,好奇的狐狸,,3a35acb376032c94381a2b8ecd9b0c06,,PE,秘鲁,利马,Lima,,comment,[],published,,2026-04-25 02:18:59.726,2026-04-25 02:18:59.726,,,,,
7d5e28e9-9b79-4069-a867-6bbe2746549d,"建议增加""每日一问""功能：每天抛出一个深度问题（比如""什么是自由？""），邀请当天值班的多位人物分别作答，用户可以比较不同思维体系的切入角度差异。这是让用户每天都回来的钩子。",,精明的熊猫,,2169cd9cf12571a7739d332f8334f160,,HK,中国,香港,Hong Kong,,comment,[],published,,2026-04-25 02:48:59.726,2026-04-25 02:48:59.726,,,,,
8f94d3bc-f25b-489a-a154-a0643b550a70,"建议增加游戏设计思想家如 Shigeru Miyamoto 或 Jane McGonigal。游戏化思维对产品设计、动机科学和用户体验有巨大启发，但目前在这个平台上还是空白。让""玩""和""思""结合起来会很有趣。",,幽默的兔子,,25ad42d5962db36cf1fbab0435037fe1,,CN,中国,四川省,Chengdu,,comment,[],published,,2026-04-25 03:08:59.726,2026-04-25 03:08:59.726,,,,,
cmof98oa500016ruzk1ut6zsf,@济群法师 什么是 空,admin_1776672652233_htt4pahm,张小强,,,,CN,中国,Liaoning,Shenyang,,comment,[],deleted,,2026-04-26 04:15:00.077,2026-04-26 04:31:18.179,,,,,
cmof9u6hr0001qnvzvbud664k,@济群法师 什么是空,admin_1776672652233_htt4pahm,张小强,,,,CN,中国,Liaoning,Shenyang,,comment,[],deleted,,2026-04-26 04:31:43.453,2026-04-26 04:48:45.464,,,,,
cmofah8fi0001urp036ysgzd3,@埃隆·马斯克 如何看待中医,admin_1776672652233_htt4pahm,张小强,,,,CN,中国,Liaoning,Shenyang,,comment,[],deleted,,2026-04-26 04:49:38.856,2026-04-26 05:02:26.467,,,,,
cmofcm86600014g0eihpiqpi3,@济群法师 你好,,活泼的鹤,,1152add11b7fb084c0cfc1152,203.190.2.73,JP,日本,Tokyo,Tokyo,,comment,[],deleted,,2026-04-26 05:49:31.228,2026-04-26 06:20:00.091,jiqun,,,,
cmofbd3rx0001thidx3yvqb3f,@马斯克 你好 debug test,,洒脱的萤火虫,,15531c4521d9e31a7e0e01553,31.223.184.166,JP,日本,Tokyo,Koto-ku,,comment,[],deleted,,2026-04-26 05:14:26.01,2026-04-26 06:20:06.85,elon-musk,,,,
cmofb72wt0001nd1wbm07qprr,@马斯克 测试新部署,,务实的鸽,,7e5de227c898b251df95a7e5d,31.223.184.166,JP,日本,Tokyo,Koto-ku,,comment,[],deleted,,2026-04-26 05:09:44.955,2026-04-26 06:20:10.937,,,,,
cmofb2baf0005ic1r85w8yb0f,@马斯克 测试,,理性的鲸,,689c8b1ca60fd818b2bcb689c,31.223.184.166,JP,日本,Tokyo,Koto-ku,,comment,[],deleted,,2026-04-26 05:06:02.536,2026-04-26 06:20:16.528,,,,,
cmofb25lx0003ic1r50pekuzd,@马斯克 你好,,温柔的游鱼,,60ef22e599dfe5ffa104260ef,31.223.184.166,JP,日本,Tokyo,Koto-ku,,comment,[],deleted,,2026-04-26 05:05:55.173,2026-04-26 06:20:21.804,,,,,
cmofathkn0001rfb7i802kiyi,@马斯克 你好，你怎么看AI对人类工作的影响？,,幽默的企鹅,,52141360824ae4b8c2f3f5214,31.223.184.166,JP,日本,Tokyo,Koto-ku,,comment,[],deleted,,2026-04-26 04:59:10.773,2026-04-26 06:20:29.035,,,,,
cmofatmx40003rfb785rsx7e5,@马斯克 你好，你怎么看AI对人类工作的影响？,,忧郁的鹰,,32d98c0650b83b2fd8cef32d9,31.223.184.166,JP,日本,Tokyo,Koto-ku,,comment,[],deleted,,2026-04-26 04:59:17.705,2026-04-26 06:20:36.458,,,,,
cmofb78im0003nd1wo9m7adt4,@马斯克 测试新部署,,活泼的鹤,,2725b0c53e24981046b602725,31.223.184.166,JP,日本,Tokyo,Koto-ku,,comment,[],deleted,,2026-04-26 05:09:52.222,2026-04-26 06:20:41.536,,,,,
cmofchn660001mk89dv39nmbi,@济群法师 你好,,温柔的鸽,,009d217bf96abe5c1e0009d,203.190.2.73,JP,日本,Tokyo,Tokyo,,comment,[],deleted,,2026-04-26 05:45:57.388,2026-04-26 06:20:47.327,jiqun,,,,
cmofaqmqw0001jzgqns79julg,@马斯克 你好，你怎么看AI对人类工作的影响？,,洒脱的狐狸,,22a540f636ff32ebb43dd22a5,31.223.184.166,JP,日本,Tokyo,Koto-ku,,comment,[],deleted,marcus-aurelius,2026-04-26 04:56:57.51,2026-04-26 06:21:38.353,,,,,
cmofat2o30001kmtup7nipmjj,@马斯克 你好，你怎么看AI对人类工作的影响？,,乐观的小兔,,3a897e1d5cec2d5a1021a3a89,31.223.184.166,JP,日本,Tokyo,Koto-ku,,comment,[],deleted,,2026-04-26 04:58:51.457,2026-04-26 06:21:40.954,,,,,
cmofdou600001g4qxomah7iwd,@马斯克 怎么看AI对就业的影响,,忧郁的海豚,,38edef895a5edd977cc9638ed,203.190.2.73,JP,日本,Tokyo,Tokyo,,comment,[],deleted,,2026-04-26 06:19:32.664,2026-04-26 06:35:16.571,elon-musk,,camel_case_test,test_success,
cmofdt90s0003vkqe7oaeyz4l,@济群法师 你好,,乐观的小猫,,3d298ef361170635d20f83d29,203.190.2.73,JP,日本,Tokyo,Tokyo,,comment,[],deleted,,2026-04-26 06:22:58.333,2026-04-26 06:35:22.84,jiqun,,,,
cmofe7wsl0001e6zxbvb8ygv3,@马斯克 怎么看火星移民,,忧郁的小兔,,5c7f11c792d47d3893dbc5c7f,203.190.2.73,JP,日本,Tokyo,Tokyo,,comment,[],deleted,,2026-04-26 06:34:22.53,2026-04-26 06:52:30.795,elon-musk,,,,
cmofe8pu60001o5pu0xev21s5,@孔子 学而时习之，不亦说乎 是什么意思,,幽默的狼,,16ab784823fc87418bf0716ab,203.190.2.73,JP,日本,Tokyo,Tokyo,,comment,[],deleted,,2026-04-26 06:35:00.174,2026-04-26 06:52:17.829,confucius,2026-04-26 06:37:50.502,DEBUG_BACKFILL_TEST_1777185470484,,
cmofemfkt0001b81t82t08vm5,@孔子 学而不思则罔，思而不学则殆 如何理解,,乐观的熊猫,,4d33f7f67a8da13e48edd4d33,203.190.2.73,JP,日本,Tokyo,Tokyo,,comment,[],published,,2026-04-26 06:45:40.062,2026-04-26 06:45:42.116,confucius,2026-04-26 06:45:42.115,哼！你这问题问得倒是正经。学而不思，就像吃多了不消化，光往肚子里塞书有啥用？思而不学，更是自以为是，闭门造车能造出个啥？两者缺一不可，懂了吗？,,
cmofelaeh0001b4n61ibtj6vg,@马斯克 聊聊第一性原理,,浪漫的萤火虫,,47999d9c71a8b78441c4b4799,203.190.2.73,JP,日本,Tokyo,Tokyo,,comment,[],deleted,,2026-04-26 06:44:46.697,2026-04-26 10:14:44.391,elon-musk,2026-04-26 06:44:48.978,第一性原理？简单。别被类比束缚，回到物理定律的根基重建一切。SpaceX就是这么干的——火箭成本降了90%，物理永远站在你这边。🚀,,
cmofelyzj000110sw85ntxt1u,@爱因斯坦 你怎么看量子力学,,深思的鸽,,4e4880917c449a78040bc4e48,203.190.2.73,JP,日本,Tokyo,Tokyo,,comment,[],deleted,,2026-04-26 06:45:18.559,2026-04-26 06:52:00.366,,,,,
cmofedqc60001119euu9tjbei,@苏格拉底 什么是认识你自己,,勇敢的蝴蝶,,5a0e198b8ef467308bab05a0e,203.190.2.73,JP,日本,Tokyo,Tokyo,,comment,[],deleted,,2026-04-26 06:38:54.1,2026-04-26 06:52:12.55,socrates,,ENGINE_BACKFILL_TEST_1777185632878,,
cmofe31pm0001ymzti0rmixce,@济群法师 你好,,温柔的飞鸟,,76507779bbd05801253c67650,203.190.2.73,JP,日本,Tokyo,Tokyo,,comment,[],deleted,,2026-04-26 06:30:35.626,2026-04-26 06:52:23.923,jiqun,,,,
cmofey9k10003qq9and4dxcqd,那 什么是 色 呢,admin_1776672652233_htt4pahm,张小强,,,,JP,日本,Tokyo,Tokyo,cmofex0nd0001qq9anqh9sblh,reply,[],published,,2026-04-26 06:54:51.924,2026-04-26 06:54:51.924,,,,,
cmofeytih00011pscn3vfs30l,那什么是色呢,admin_1776672652233_htt4pahm,张小强,,,,JP,日本,Tokyo,Tokyo,cmofex0nd0001qq9anqh9sblh,reply,[],published,,2026-04-26 06:55:17.991,2026-04-26 06:55:17.991,,,,,
cmoffbym90001lcevm4vre3ip,那什么是色呢,admin_1776672652233_htt4pahm,张小强,,,,JP,日本,Tokyo,Tokyo,cmofex0nd0001qq9anqh9sblh,reply,[],published,,2026-04-26 07:05:31.135,2026-04-26 07:05:31.135,,,,,
cmofffz7d00011r8yen385934,那什么是色呢,admin_1776672652233_htt4pahm,张小强,,,,JP,日本,Tokyo,Tokyo,cmofex0nd0001qq9anqh9sblh,reply,[],published,,2026-04-26 07:08:38.519,2026-04-26 07:08:38.519,,,,,
cmoffq8jl0001rv94p0vbkj2a,那什么是色？,admin_1776672652233_htt4pahm,张小强,,,,JP,日本,Tokyo,Tokyo,cmofex0nd0001qq9anqh9sblh,reply,[],published,,2026-04-26 07:16:37.183,2026-04-26 07:16:37.183,,,,,
cmofgdl3k0003pu6v35hdxsdn,那什么是色？,admin_1776672652233_htt4pahm,张小强,,,,JP,日本,Tokyo,Tokyo,cmofex0nd0001qq9anqh9sblh,reply,[],published,,2026-04-26 07:34:46.326,2026-04-26 07:35:24.683,,2026-04-26 07:35:24.682,"啊，一个值得深思的提问。让我反问你：你是否能定义""色""而不陷入感官的迷雾？若无法言明，又如何谈论它？",,
cmofgixaj0001zlopldm4u045,那什么是色,admin_1776672652233_htt4pahm,张小强,,,,JP,日本,Tokyo,Tokyo,cmofex0nd0001qq9anqh9sblh,reply,[],published,,2026-04-26 07:38:55.624,2026-04-26 07:38:55.624,,,,,
cmofi7ybf0005ilo0ihidxjpo,追问测试：能否举例说明学与思如何平衡？,,理性的飞鸟,,63baf8cd9e504181443c863ba,203.190.2.73,JP,日本,Tokyo,Tokyo,cmofi5xlv000314l2plxqnu4d,reply,[],published,,2026-04-26 08:26:22.753,2026-04-26 08:26:38.955,,2026-04-26 08:26:38.954,我常言“未经审视的人生不值得过”，学如航海之舵，思如观察星辰。譬如你读书时，若不思考书中真义，便如盲人摸象；若空想而不习，则如船无桨。,,
cmofgjezt0003o6tpo40nufn5,什么是色,admin_1776672652233_htt4pahm,张小强,,,,JP,日本,Tokyo,Tokyo,cmofgdkp70001pu6vsokkm6vs,reply,[],published,,2026-04-26 07:39:18.57,2026-04-26 07:39:18.57,,,,,
cmofi7hw50003ilo0snwbvmpu,那什么是色呢,admin_1776672652233_htt4pahm,张小强,,,,JP,日本,Tokyo,Tokyo,cmofi67ct000514l22drzdro7,reply,[],published,,2026-04-26 08:26:01.685,2026-04-26 08:26:01.685,,,,,
cmofgj5xg0001o6tplviqlm5n,测试回复 @孔子 学而时习之，不亦说乎 是什么意思？,,勇敢的游鱼,,076e1e79bcb776fbb584076e,203.190.2.73,JP,日本,Tokyo,Tokyo,,comment,[],deleted,,2026-04-26 07:39:06.818,2026-04-26 07:41:39.727,confucius,2026-04-26 07:39:14.524,哼，你这竖子！学而时习之，不亦说乎？就是说学了东西要时常温习，才能真懂真乐！你连这都不明白，还敢来问我？,,
cmofgdkp70001pu6vsokkm6vs,测试 @济群法师 你好，请问如何理解放下？,,乐观的豹,,057e23d58b8245eaa330057e,203.190.2.73,JP,日本,Tokyo,Tokyo,,comment,[],deleted,,2026-04-26 07:34:45.81,2026-04-26 07:41:43.215,jiqun,2026-04-26 07:34:52.931,放下不是放弃，而是看破。放下执着时，心才能如云般自在。,,
cmofgo2eg0003k1p6petw9ium,追问：那温故而知新呢？,,文艺的鲸,,6592a876a13d04786855d6592,203.190.2.73,JP,日本,Tokyo,Tokyo,cmofgjxez0001k1p6arbzs5qz,reply,[],published,,2026-04-26 07:42:55.31,2026-04-26 07:42:55.31,,,,,
cmofgpfoq0005k1p6xze693yh,追问测试222,,好奇的龟,,3def2a5a6250bcf3df5f13def,203.190.2.73,JP,日本,Tokyo,Tokyo,cmofgjxez0001k1p6arbzs5qz,reply,[],published,,2026-04-26 07:43:59.181,2026-04-26 07:43:59.181,,,,,
cmofgpoxa0001h2n8pnnuw815,追问测试333,,深思的游鱼,,3c88e2616017f7c30318e3c88,203.190.2.73,JP,日本,Tokyo,Tokyo,cmofgjxez0001k1p6arbzs5qz,reply,[],published,,2026-04-26 07:44:11.371,2026-04-26 07:44:11.371,,,,,
cmofh2d24000159c5ox64atvi,那什么是色呢,admin_1776672652233_htt4pahm,张小强,,,,JP,日本,Tokyo,Tokyo,cmofex0nd0001qq9anqh9sblh,reply,[],published,,2026-04-26 07:54:02.522,2026-04-26 07:54:02.522,,,,,
cmofh2jlt000359c5p4q72i67,修复后的追问测试,,勇敢的鸽,,0f59346e185d434ba8a370f59,203.190.2.73,JP,日本,Tokyo,Tokyo,cmofgjxez0001k1p6arbzs5qz,reply,[],published,,2026-04-26 07:54:11.009,2026-04-26 07:54:11.009,,,,,
cmofex0nd0001qq9anqh9sblh,@济群法师 什么是空？,admin_1776672652233_htt4pahm,张小强,,,,JP,日本,Tokyo,Tokyo,,comment,[],deleted,,2026-04-26 06:53:53.724,2026-04-26 07:54:30.552,jiqun,2026-04-26 06:53:55.597,空，非有非无。放下执着，方能见空。,,
cmofgjxez0001k1p6arbzs5qz,test @孔子 学而时习之，不亦说乎 是什么意思？,,乐观的鲸,,63955e929e1489217060b6395,203.190.2.73,JP,日本,Tokyo,Tokyo,,comment,[],deleted,,2026-04-26 07:39:42.44,2026-04-26 07:54:38.201,confucius,2026-04-26 07:39:49.588,哼，这也要问？学完就赶紧去练，练熟了自然就开心了！整天光问不练，还不如去种地！,,
cmofh55vg000759c55hhkup28,你觉得当今还是什么算伟大的产品？,admin_1776672652233_htt4pahm,张小强,,,,JP,日本,Tokyo,Tokyo,cmofetq3n0001a40ryv3zootv,reply,[],published,,2026-04-26 07:56:12.965,2026-04-26 07:56:12.965,,,,,
cmofh8r1r0001dii35tnkvxpr,当今还有哪些你觉得算得上伟大的产品？,admin_1776672652233_htt4pahm,张小强,,,,JP,日本,Tokyo,Tokyo,cmofetq3n0001a40ryv3zootv,reply,[],published,,2026-04-26 07:59:00.589,2026-04-26 07:59:50.378,,2026-04-26 07:59:50.377,伟大的产品并非源于奢华，而是理性与美德的外化。一本书、一座桥、一盏灯——若它们服务于共同善，便值得称颂。,,
cmofetq3n0001a40ryv3zootv,@乔布斯 你觉得什么才是伟大的产品,,悠闲的狐狸,,2894d0c8406b581d756c92894,203.190.2.73,JP,日本,Tokyo,Tokyo,,comment,[],deleted,,2026-04-26 06:51:20.292,2026-04-26 08:10:16.394,steve-jobs,2026-04-26 06:51:22.119,（停顿）伟大的产品？它必须能在你使用前就改变你的想法。就像Macintosh，它不只是电脑，而是让普通人也能创造的工具。,,
cmofi67ct000514l22drzdro7,@济群法师 什么是空 @马可·奥勒留,admin_1776672652233_htt4pahm,张小强,,,,JP,日本,Tokyo,Tokyo,,comment,[],deleted,,2026-04-26 08:25:01.156,2026-04-26 08:26:32.748,jiqun,2026-04-26 08:25:27.235,空不是虚无，而是放下对事物恒常的执着。当你不再执取，才能看见万物的真实面目。,,
cmofi5rb0000114l26rg16wy9,测试无感评论体验：评论应该立即出现，不需要等待AI回复。,,洒脱的小鹿,,011a89f81c07de1ade39011a,203.190.2.73,JP,日本,Tokyo,Tokyo,,comment,[],deleted,,2026-04-26 08:24:40.569,2026-04-26 08:26:37.519,,,,,
cmofi5xlv000314l2plxqnu4d,测试无感评论体验：评论应该立即出现，不需要等待AI回复。,,热情的龟,,71a0a599b45fbb6a56b6671a0,203.190.2.73,JP,日本,Tokyo,Tokyo,,comment,[],deleted,,2026-04-26 08:24:48.74,2026-04-26 08:26:40.901,,2026-04-26 08:25:03.705,若我在此，便不需等待。真理如光，即刻照亮无知之暗。你觉察到这体验本身，便已是思考的开端。,,
cmofi5jsy0001v246i3jo4le7,测试无感评论体验：评论应该立即出现，不需要等待AI回复。,,内敛的小兔,,2d43eb6b47dad1d43a3102d43,203.190.2.73,JP,日本,Tokyo,Tokyo,,comment,[],deleted,,2026-04-26 08:24:30.848,2026-04-26 08:26:45.118,,,,,
cmofidoiw0003uf7e7i32a9q4,那什么是色,admin_1776672652233_htt4pahm,张小强,,,,JP,日本,Tokyo,Tokyo,cmofid1rr0001uf7e3po8q89z,reply,[],published,,2026-04-26 08:30:49.998,2026-04-26 08:30:49.998,,,,,
cmofijx3h0001ac7gl7mtiapu,@苏格拉底 能否再展开解释你说的这句话,admin_1776672652233_htt4pahm,张小强,,,,JP,日本,Tokyo,Tokyo,cmofid1rr0001uf7e3po8q89z,reply,[],published,,2026-04-26 08:35:41.258,2026-04-26 08:35:50.646,socrates,2026-04-26 08:35:50.645,让我用埃斯库罗斯的话来回答：智慧来自痛苦的经历。若你愿意，我们坐下来，像雅典的橄榄树下那样，一步步追问，直到真理显现。,,
cmofibj600007ilo07y77945c,追问测试：学与思如何平衡？,,浪漫的鹰,,30a40b104d368acddfc7130a4,203.190.2.73,JP,日本,Tokyo,Tokyo,cmofemfkt0001b81t82t08vm5,reply,[],deleted,,2026-04-26 08:29:09.745,2026-04-26 11:45:48.44,,,,,
cmofiwwi100011ze4p47rtsoa,@苏格拉底 能否再说的详细些？,admin_1776672652233_htt4pahm,张小强,,,,JP,日本,Tokyo,Tokyo,cmofid1rr0001uf7e3po8q89z,reply,[],published,,2026-04-26 08:45:47.014,2026-04-26 08:46:17.149,socrates,2026-04-26 08:46:17.148,让我用荷马的智慧来回答你：正如《奥德赛》中忒勒马科斯寻找父亲，真正的知识需要你主动踏上探索之旅，而非期待他人为你绘制完整地图。,,
cmofj03jy0001125ydr1k06t9,继续,admin_1776672652233_htt4pahm,张小强,,,,JP,日本,Tokyo,Tokyo,cmofid1rr0001uf7e3po8q89z,reply,[],published,,2026-04-26 08:48:16.124,2026-04-26 08:48:16.124,,,,,
cmofid1rr0001uf7e3po8q89z,@苏格拉底 什么是空,admin_1776672652233_htt4pahm,张小强,,,,JP,日本,Tokyo,Tokyo,,comment,[],deleted,,2026-04-26 08:30:20.725,2026-04-26 08:50:52.531,socrates,2026-04-26 08:30:30.05,啊，空如同未被询问的真理。若你问我何为空，我倒要反问：你是否曾审视过自己思想的边界？空，或许正是无知之知的开端。,,
cmofj4vr80001h2zksiqx3n3w,@济群法师 什么是空,admin_1776672652233_htt4pahm,张小强,,,,JP,日本,Tokyo,Tokyo,,comment,[],deleted,,2026-04-26 08:51:59.298,2026-04-26 08:59:06.322,jiqun,2026-04-26 08:52:29.676,空非虚无，是万法本无自性。执有则迷，执空亦偏。放下对“有”与“无”的分别，方见真实。,,
cmofk7hw50005tfsvqtnyv0tj,你好，埃隆，我想问一下关于你对人工智能安全的看法？,,热情的鲸,,55dcc9c4884c9cc4f639555dc,203.190.2.73,JP,日本,Tokyo,Tokyo,cmofelaeh0001b4n61ibtj6vg,reply,[],published,,2026-04-26 09:21:59.607,2026-04-26 09:22:16.346,,2026-04-26 09:22:16.345,（暴躁地拍桌）你这等问法，简直无礼！君子不重则不威，学则不固。我且问你，可曾读过《礼记》？问人前，先正己心！,,
cmofj5yw70003h2zknuqve52x,那什么是色呢,admin_1776672652233_htt4pahm,张小强,,,,JP,日本,Tokyo,Tokyo,cmofj4vr80001h2zksiqx3n3w,reply,[],published,,2026-04-26 08:52:49.809,2026-04-26 08:54:03.28,,2026-04-26 08:54:03.279,朋友，你问的这个问题本身就是一个好开端。色不过是感官的幻影，真正值得追问的是：它如何引导灵魂走向对美的本质的渴望。,,
cmofjtxpa0001z0nzisjsl9mc,聊聊你最近提到的 X money吧,admin_1776672652233_htt4pahm,张小强,,,,JP,日本,Tokyo,Tokyo,cmofelaeh0001b4n61ibtj6vg,reply,[],published,,2026-04-26 09:11:28.22,2026-04-26 09:12:15.008,,2026-04-26 09:12:15.007,"哼！钱钱钱！满脑子都是这些俗物！我教导弟子们""不义而富且贵，于我如浮云""，你倒好，整天惦记着这个。修身为本，钱财为末，懂不懂？",,
cmofkazrb0007tfsvl6tsro5s,继续问一下，你认为人工智能最大的风险是什么？,,洒脱的鸽,,71ed3ee6b4d95b100c90d71ed,203.190.2.73,JP,日本,Tokyo,Tokyo,cmofelaeh0001b4n61ibtj6vg,reply,[],published,,2026-04-26 09:24:43.823,2026-04-26 09:24:43.823,,,,,
cmofkc7eo000142clq2n0bn6u,测试追问内容,,务实的企鹅,,072ba411b61f02ae0e3c072b,203.190.2.73,JP,日本,Tokyo,Tokyo,cmofelaeh0001b4n61ibtj6vg,reply,[],published,,2026-04-26 09:25:40.608,2026-04-26 09:25:49.138,,2026-04-26 09:25:49.137,（怒）测试？测试什么？这年头连问个问题都这么敷衍！君子务本，本立而道生。你连真心求问都没有，浪费我时间！,,
cmofkctwh0009tfsv59uosvzj,测试追问,,浪漫的小鹿,,705300c8b24e19d9fc6c97053,203.190.2.73,JP,日本,Tokyo,Tokyo,cmofelaeh0001b4n61ibtj6vg,reply,[],published,,2026-04-26 09:26:09.543,2026-04-26 09:26:09.543,,,,,
cmofl5ofc000942clc4eyv8u5,聊聊你最近提到的x money吧,d523fac4-3584-4cb3-8c41-e50fdb7ce69e,朴素贝叶斯,,,,CN,中国,Liaoning,Dalian,cmofelaeh0001b4n61ibtj6vg,reply,[],published,,2026-04-26 09:48:34.377,2026-04-26 09:48:46.353,,2026-04-26 09:48:46.352,金钱如流水，可饮可渡，但非幸福之源。真正的财富在于灵魂的秩序与理性的清明。你当审视内心，而非外物。,,
cmoflpgeh0003olgmky4ksrpr,测试追问 persistence - 回复内容,,神秘的豹,,7fa459c6ca9ee7f047faf7fa4,203.190.2.73,JP,日本,Tokyo,Tokyo,cmofelaeh0001b4n61ibtj6vg,reply,[],published,,2026-04-26 10:03:58.194,2026-04-26 10:04:12.11,,2026-04-26 10:04:12.109,"啧！""吾道一以贯之""！懂不懂？今人浮躁，朝三暮四，何曾真懂坚持二字？老夫周游列国，困于陈蔡，仍不改其志！",,
cmoflzzc40001qecdk9yd40je,Fix1 test - 回复父评论，保持同一个 guardian,,奔放的龟,,15dc29ba22b36ab89471315dc,203.190.2.73,JP,日本,Tokyo,Tokyo,cmofelaeh0001b4n61ibtj6vg,reply,[],published,,2026-04-26 10:12:09.506,2026-04-26 10:12:09.506,elon-musk,,,,
cmofp2i6z000fbqgkfpgq6qsn,@济群法师 何谓 空不异色，色不异空,admin_1776672652233_htt4pahm,张小强,,,,JP,日本,Tokyo,Tokyo,,comment,[],deleted,,2026-04-26 11:38:04.797,2026-04-26 12:28:41.523,jiqun,2026-04-26 11:38:17.429,色是现象，空是本质。现象不离本质，本质不离现象。就像波浪与海水，看似有别，实则一体。放下执着，方见真如。,,
cmofpjxby0001105hhrrn42e2,法师说得很好，能再具体解释一下吗？,,乐观的小鹿,,18dea6f8277a8847c3df718de,203.190.2.73,JP,日本,Tokyo,Tokyo,cmofpdacp0001krugf31261aj,reply,[],published,,2026-04-26 11:51:38.875,2026-04-26 11:51:38.875,jiqun,,,,
cmofpmmxq0001cqu7ur3q34jq,法师，能详细解释一下吗？,,深思的狼,,2c65c956467a3b53870bd2c65,203.190.2.73,JP,日本,Tokyo,Tokyo,cmofpdacp0001krugf31261aj,reply,[],published,,2026-04-26 11:53:45.372,2026-04-26 11:55:17.577,jiqun,2026-04-26 11:55:17.575,问题从心而起，答案亦由心而生。与其向外求解，不如静心观照，答案自在其中。,,
cmofpso0l0005cqu73cga1hg6,法师，请问如何理解空的含义？,,冷静的熊猫,,7441f833b88c930c9f9387441,203.190.2.73,JP,日本,Tokyo,Tokyo,cmofpdacp0001krugf31261aj,reply,[],published,,2026-04-26 11:58:26.496,2026-04-26 11:58:26.496,,,,,
cmofpvt9a0003puk88n2fh5ao,测试追问回复,,乐观的松鼠,,721d1144b5253d3900515721d,203.190.2.73,JP,日本,Tokyo,Tokyo,cmofpdacp0001krugf31261aj,reply,[],published,,2026-04-26 12:00:52.17,2026-04-26 12:01:18.447,jiqun,2026-04-26 12:01:18.446,测试本身即是执着。放下追问，回到当下，觉知才能显现。,,
cmofq0fca0001s6xojq6r6ku9,法师，什么是轮回？,,文艺的松鼠,,78bca90dbfa8e0ba3b70878bc,203.190.2.73,JP,日本,Tokyo,Tokyo,cmofpdacp0001krugf31261aj,reply,[],published,,2026-04-26 12:04:28.711,2026-04-26 12:04:28.711,,,,,
cmofq2g5s0003s6xozk9nxdlm,彻底测试：什么是缘起性空？,,务实的熊猫,,2938149a416e8af875b312938,203.190.2.73,JP,日本,Tokyo,Tokyo,cmofpdacp0001krugf31261aj,reply,[],published,,2026-04-26 12:06:02.872,2026-04-26 12:06:20.223,jiqun,2026-04-26 12:06:20.222,缘起性空，不是否定现象，而是看透现象背后无独立自性。如水中月，有影无实。见缘起即见法，见法即见佛。,,
cmofq392r0005s6xo9679pq86,轮回的本质是什么？,,浪漫的狐狸,,65ef4558a1d0084ce88d765ef,203.190.2.73,JP,日本,Tokyo,Tokyo,cmofpdacp0001krugf31261aj,reply,[],published,,2026-04-26 12:06:40.348,2026-04-26 12:06:40.348,,,,,
cmofq4vza0003jnqtsx9pdfly,API直接测试：法师你好，我想理解缘起性空,,乐观的狼,,4a2c3a0175be2d10564ae4a2c,203.190.2.73,JP,日本,Tokyo,Tokyo,cmofpdacp0001krugf31261aj,reply,[],published,,2026-04-26 12:07:56.685,2026-04-26 12:07:56.685,jiqun,,,,
cmofq5oas0007s6xol58sh0qz,测试replyto回复,,内敛的游鱼,,56a57dbd898b36186bd3a56a5,203.190.2.73,JP,日本,Tokyo,Tokyo,cmofpdacp0001krugf31261aj,reply,[],published,,2026-04-26 12:08:33.387,2026-04-26 12:08:33.387,,,,,
cmofq6lqv0001juuxiv3sl4n5,intercept test,,勇敢的鲸,,6ebb87cbafc745e04d3f06ebb,203.190.2.73,JP,日本,Tokyo,Tokyo,cmofpdacp0001krugf31261aj,reply,[],published,,2026-04-26 12:09:16.948,2026-04-26 12:09:16.948,,,,,
cmofqa1m10001b9qru6eqa1iu,法师，请解释什么是戒定慧,,热情的蝴蝶,,0266b0303cfc01ab1f110266,203.190.2.73,JP,日本,Tokyo,Tokyo,cmofpdacp0001krugf31261aj,reply,[],published,,2026-04-26 12:11:57.479,2026-04-26 12:12:09.382,jiqun,2026-04-26 12:12:09.381,戒是防非止恶的堤坝，定是安住当下的功夫，慧是照见实相的明灯。三者一体，缺一不可。,,
cmofqaki90001hqvzufgpg4ru,法师，请解释什么是戒定慧,,幽默的豹,,6bfe1a4aab6dd0f2bde636bfe,203.190.2.73,JP,日本,Tokyo,Tokyo,cmofpdacp0001krugf31261aj,reply,[],published,,2026-04-26 12:12:21.967,2026-04-26 12:12:40.356,jiqun,2026-04-26 12:12:40.355,戒是防非止恶的铠甲，定是安住当下的力量，慧是照见实相的光明。三者如鼎三足，缺一不可。,,
cmofqidxz0001d6joxhnerv63,法师，一切法无常，如何看待无常？,,勇敢的小猫,,0c6d93e113ba77f06350e0c6d,203.190.2.73,JP,日本,Tokyo,Tokyo,cmofpdacp0001krugf31261aj,reply,[],published,,2026-04-26 12:18:26.709,2026-04-26 12:18:26.709,jiqun,,,,
cmofp8ok50001hjzo4t73k7vv,那何谓真如？,admin_1776672652233_htt4pahm,张小强,,,,JP,日本,Tokyo,Tokyo,cmofp2i6z000fbqgkfpgq6qsn,reply,[],deleted,,2026-04-26 11:42:54.29,2026-04-26 12:23:36.104,,,,,
cmofpdacp0001krugf31261aj,@济群法师 你好，法师，如何看待放下执念？,,热情的游鱼,,0a7152951093a82c69c320a71,203.190.2.73,JP,日本,Tokyo,Tokyo,,comment,[],deleted,,2026-04-26 11:46:29.161,2026-04-26 12:25:59.007,jiqun,2026-04-26 11:46:50.306,放下执念，不是抛弃，而是看清它的虚妄。执念如手中沙，握得越紧，流失越快。松开手，才能拥抱整个世界。,,
cmofqpru70003zxju31xzzrcs,什么是真如？什么是如来？,admin_1776672652233_htt4pahm,张小强,,,,JP,日本,Tokyo,Tokyo,cmofp2i6z000fbqgkfpgq6qsn,reply,[],published,,2026-04-26 12:24:11.096,2026-04-26 12:25:12.286,jiqun,2026-04-26 12:25:12.285,真如即如实，如来即如此。名相虽异，皆指觉悟之境。莫执着文字，当观照自心。,,
cmofqw07h0001nqkigrt982qi,@济群法师 何谓 空不异色，色不异空,admin_1776672652233_htt4pahm,张小强,,,,SG,新加坡,North East,Singapore,,comment,[],published,,2026-04-26 12:29:02.093,2026-04-26 12:29:14.696,jiqun,2026-04-26 12:29:14.695,色是波浪，空是海水。波浪从海而起，归于海中。观色即见空，悟空不碍色。此乃心性本然，不必向外求索。,,
cmofr0dv00005zxjup5h4tsu6,先有因还是先有果？过去、现在、未来是什么关系？时间能否倒流？,admin_1776672652233_htt4pahm,张小强,,,,SG,新加坡,North East,Singapore,cmofqw07h0001nqkigrt982qi,reply,[],published,,2026-04-26 12:32:26.194,2026-04-26 12:32:34.464,jiqun,2026-04-26 12:32:34.463,因与果如手心手背，本是一体。时间不过是凡夫心的幻象。若能放下执著，当下即是永恒，何需追问倒流？,,
cmofr2e3n0001143532v7eag2,您怎么看老子,admin_1776672652233_htt4pahm,张小强,,,,SG,新加坡,North East,Singapore,cmofemfkt0001b81t82t08vm5,reply,[],published,,2026-04-26 12:33:58.679,2026-04-26 12:34:40.51,confucius,2026-04-26 12:34:40.509,"哼！老子？那家伙整日讲""无为而治""，简直是胡闹！吾常言""己所不欲，勿施于人""，这才是治世之道。若人人都无所作为，天下岂不乱套？",,
cmofr92710005nqkizqiwof43,@苏格拉底 什么是时间？,admin_1776672652233_htt4pahm,张小强,,,,SG,新加坡,North East,Singapore,,comment,[],published,,2026-04-26 12:39:10.981,2026-04-26 12:39:28.234,socrates,2026-04-26 12:39:28.233,啊，一个值得深思的问题。时间如同河流，我们既在其中又在其外。告诉我，你是否曾注意到，思考时时间流逝得格外快？,,
cmofr6mi6000324y1e3w46amh,@埃隆·马斯克 讲讲你最近提到的 x money吧,admin_1776672652233_htt4pahm,张小强,,,,SG,新加坡,North East,Singapore,,comment,[],deleted,,2026-04-26 12:37:17.334,2026-04-26 12:40:30.167,,,,,
cmofrai130007nqkifl1eiq8e,那什么是空间？ 它们两张可以相互转换吗？,admin_1776672652233_htt4pahm,张小强,,,,SG,新加坡,North East,Singapore,cmofr92710005nqkizqiwof43,reply,[],published,,2026-04-26 12:40:18.159,2026-04-26 12:40:31.196,socrates,2026-04-26 12:40:31.195,"我的朋友，你提出的问题让我想起德尔斐神庙的铭文。空间如同我们灵魂的容器，它的本质在于我们如何认知。与其问能否转换，不如先审视你所谓""它们""指代何物。",,
cmofrb5sl0001r1w2ir7zzs6k,@埃隆·马斯克 讲讲你最近提到的 x money吧,admin_1776672652233_htt4pahm,张小强,,,,SG,新加坡,North East,Singapore,,comment,[],deleted,,2026-04-26 12:40:49.171,2026-04-26 12:41:25.474,,2026-04-26 12:41:23.925,幸福不在于金钱的积累，而在于理性地运用一切资源服务于德性。财富如同过眼云烟，唯有内心的宁静与对灵魂的照料才是真正的财富。,,
cmofrd7qz0009nqkilvenp6e3,空间和时间能否相互转换？,admin_1776672652233_htt4pahm,张小强,,,,SG,新加坡,North East,Singapore,cmofr92710005nqkizqiwof43,reply,[],published,,2026-04-26 12:42:23.72,2026-04-26 12:42:43.745,socrates,2026-04-26 12:42:43.744,亲爱的朋友，你提出的问题让我想起赫拉克利特的河流。空间与时间如同河床与水流，形式不同却彼此依存。但真正的智慧在于认识我们自身的无知。,,
cmofrrhnf0001t0o05tqv9seh,@埃隆·马斯克 讲讲 你最近提到的x money吧,admin_1776672652233_htt4pahm,张小强,,,,SG,新加坡,North East,Singapore,,comment,[],deleted,,2026-04-26 12:53:31.032,2026-04-26 12:54:30.229,,,,,
cmofrt59c0003t0o0gfpabmid,@埃隆·马斯克 讲讲 你最近提到的x money吧,admin_1776672652233_htt4pahm,张小强,,,,SG,新加坡,North East,Singapore,,comment,[],deleted,,2026-04-26 12:54:48.073,2026-04-26 12:55:41.885,,2026-04-26 12:55:41.884,若你渴望理解金钱的本质，何不先审视你灵魂的财富？马斯克的数字王国，不过是洞穴墙壁上的影子罢了。,,
cmofrvffl0007t0o00ir39rk4,什么是永恒呢？,admin_1776672652233_htt4pahm,张小强,,,,SG,新加坡,North East,Singapore,cmofqw07h0001nqkigrt982qi,reply,[],published,,2026-04-26 12:56:34.569,2026-04-26 12:56:48.777,jiqun,2026-04-26 12:56:48.776,永恒不在时间的长河里，而在每个当下的觉醒中。放下对永恒的执著，当下即是永恒。,,
cmofrx7oc0003kcexc5313wfr,@埃隆马斯克 你好，第一性原理是什么？,,忧郁的熊猫,,13083aa91e36435ba43f41308,91.243.81.62,SG,新加坡,North East,Singapore,,comment,[],deleted,,2026-04-26 12:57:58.044,2026-04-26 13:08:52.266,,,,,
cmofrzd3d00036jvo93r8x8z7,@孔子 学而不思则罔,,务实的鲸,,6b82a99aaaa9e51aeec316b82,91.243.81.62,SG,新加坡,North East,Singapore,,comment,[],published,,2026-04-26 12:59:38.16,2026-04-26 13:00:02.965,confucius,2026-04-26 13:00:02.964,"哼！你这般断章取义，简直辱我门风！""学而不思则罔""后面还有""思而不学则殆""，你倒好，把完整道理拆得七零八落，气煞我也！",,
cmofrx2oe0001kcex3wb9k2so,@埃隆·马斯克 你好，第一性原理是什么？,,温柔的小猫,,1873ccea26d0e27f1b0831873,91.243.81.62,SG,新加坡,North East,Singapore,,comment,[],deleted,,2026-04-26 12:57:51.566,2026-04-26 13:10:47.521,,2026-04-26 12:58:01.189,年轻人，你问第一性原理？我反问你：你可曾审视过自己认知的根基？真理不在表象，而在追问本身。,,
cmofrxc5m0005kcexvxp1ds65,@Elon Musk 你好，第一性原理是什么？,,勇敢的鸽,,39f76be05c0454bdaadbf39f7,91.243.81.62,SG,新加坡,North East,Singapore,,comment,[],deleted,,2026-04-26 12:58:03.85,2026-04-26 13:08:47.6,,2026-04-26 12:58:41.877,哼！第一性原理？这不就是追根溯源的道理嘛！我早就说过，射有似乎君子，失诸正鹄，反求诸其身。你们这些人，连最基本的道理都不懂，还谈什么第一性原理！,,
cmofs0u6v00056jvo2527z6lh,@马斯克 第一性原理是什么？,,勇敢的鹰,,617786369ab867162615f6177,91.243.81.62,SG,新加坡,North East,Singapore,,comment,[],deleted,,2026-04-26 13:00:46.973,2026-04-26 13:08:24.077,elon-musk,2026-04-26 13:01:42.737,第一性原理就是把问题拆解到最基础的物理事实，而不是类比别人的做法。比如火箭，物理学说不需要一次性扔掉它，所以SpaceX搞了可回收。简单，但大多数人懒得想。,,
cmofrz6j80007kcexd5zzc5i9,@苏格拉底 什么是时间？,,冷静的狼,,4966580274840dd0650bb4966,91.243.81.62,SG,新加坡,North East,Singapore,,comment,[],deleted,,2026-04-26 12:59:29.655,2026-04-26 13:09:08.304,socrates,2026-04-26 13:01:04.637,时间是一条流动的河流，但若问其本质，我必反问：你可曾见过永恒？正如我常言，未经审视的人生不值得活。时间亦需如此审视。,,
cmofsy0zk0005cn43xaftaahn,准备好了，你就讲吧我很想听,admin_1776672652233_htt4pahm,张小强,,,,SG,新加坡,North East,Singapore,cmofs6ayl0001cn43atrigpzg,reply,[],deleted,,2026-04-26 13:26:34.32,2026-04-26 13:28:24.638,elon-musk,2026-04-26 13:26:44.714,准备好了？好问题：为什么人类必须成为多行星物种？因为把所有鸡蛋放一个篮子是愚蠢的。火星不是备选，是必需品。🪐,,
cmoge2w190003afpyefwk3tgd,@埃隆·马斯克 讲讲 你最近提到的x money吧,admin_1776672652233_htt4pahm,张小强,,,,SG,新加坡,North East,Singapore,,comment,[],deleted,,2026-04-26 23:18:14.228,2026-04-26 23:24:19.837,elon-musk,2026-04-26 23:18:39.079,X Money不是另一个支付工具，是金融系统的第一性原理重构。当货币能像数据一样流动，传统银行就该紧张了。🚀,,
cmofs45kz00017ci63mzdgjwc,@埃隆马斯克 你好，第一性原理是什么？,,务实的龟,,61e4a24d9b659ae5cf88a61e4,91.243.81.62,SG,新加坡,North East,Singapore,,comment,[],deleted,,2026-04-26 13:03:21.92,2026-04-26 13:08:09.483,elon-musk,,,,
cmofs4dyj0001xc095f3fhkz3,@埃隆·马斯克 你好，第一性原理是什么？,,乐观的鸽,,293a8c124172755f93c49293a,91.243.81.62,SG,新加坡,North East,Singapore,,comment,[],deleted,,2026-04-26 13:03:32.777,2026-04-26 13:08:13.245,elon-musk,2026-04-26 13:03:40.261,第一性原理就是刨根问底到物理定律。别信专家，别信直觉。问：这玩意儿本质是什么？然后从零开始重建答案。就是这么简单。🚀,,
cmofs109e00096jvor0r3ki1x,@埃隆马斯克 第一性原理是什么？,,神秘的狼,,29e0b4a2427a388a2ab9929e0,91.243.81.62,SG,新加坡,North East,Singapore,,comment,[],deleted,,2026-04-26 13:00:55.058,2026-04-26 13:09:33.46,,2026-04-26 13:02:05.055,我亲爱的朋友，你问得好。第一性原理便是剥去一切习俗与偏见的外壳，直抵事物本源的思考方式。如同我追问美德的定义，你也当追问万物最根本的真理。,,
cmofs4k7i0003xc09c4r4xcal,@马斯克 你好，第一性原理是什么？,,幽默的小鹿,,34f48dae540fdba6d927734f4,91.243.81.62,SG,新加坡,North East,Singapore,,comment,[],deleted,,2026-04-26 13:03:40.879,2026-04-26 13:09:47.404,elon-musk,2026-04-26 13:04:06.286,第一性原理就是剥离所有假设，直达物理本质。比如火箭：材料成本只占2%，那为什么价格那么高？因为传统思维绑架了创新。问对问题，答案就简单了。🚀,,
cmofrwg4400016jvo5gtopi7m,@埃隆马斯克 你好，马斯克，第一性原理是什么？,,勇敢的狐狸,,7d487f65c6e05ecbca9807d48,91.243.81.62,SG,新加坡,North East,Singapore,,comment,[],deleted,,2026-04-26 12:57:22.322,2026-04-26 13:10:53.343,,2026-04-26 12:58:03.175,"我亲爱的朋友，你问了一个值得深思的问题。所谓第一性原理，便是回到事物最本质的真理，就像我追问美德的定义一样。让我们先审视：你真正理解""本质""一词的含义吗？",,
cmofsdmp50001turfx3o5865i,能否透露更多实施规划细节？,admin_1776672652233_htt4pahm,张小强,,,,SG,新加坡,North East,Singapore,cmofs6ayl0001cn43atrigpzg,reply,[],published,,2026-04-26 13:10:44.007,2026-04-26 13:10:55.403,elon-musk,2026-04-26 13:10:55.402,细节？当然有。但先回答我：你准备好接受颠覆式创新了吗？物理定律不会撒谎，我们正在用第一性原理重塑一切。,,
cmofs814h0005xc09x4uopvda,能否透露更多实施规划细节？,admin_1776672652233_htt4pahm,张小强,,,,SG,新加坡,North East,Singapore,cmofs6ayl0001cn43atrigpzg,reply,[],deleted,,2026-04-26 13:06:22.555,2026-04-26 13:11:24.618,elon-musk,2026-04-26 13:11:24.616,哈哈，细节？我可以告诉你超级多，但得先确认你不是竞争对手派来的间谍。关键原则是：把火箭造得可重复使用，让登陆火星像坐飞机一样便宜。,,
cmoft1i4g0001h7y4gsxg0rws,准备好了，我很想听听你的x money 规划,admin_1776672652233_htt4pahm,张小强,,,,SG,新加坡,North East,Singapore,cmofs6ayl0001cn43atrigpzg,reply,[],published,,2026-04-26 13:29:17.824,2026-04-26 13:29:39.78,elon-musk,2026-04-26 13:29:39.779,X Money？听着，钱只是工具，不是目标。真正的问题是：我们如何让人类成为多行星物种，同时让地球100%使用可持续能源。这才是超级值得思考的。,,
cmofs6ayl0001cn43atrigpzg,@埃隆·马斯克 讲讲 你最近提到的x money吧,admin_1776672652233_htt4pahm,张小强,,,,SG,新加坡,North East,Singapore,,comment,[],deleted,,2026-04-26 13:05:02.203,2026-04-26 23:17:32.972,elon-musk,2026-04-26 13:05:34.443,X Money？简单说：我们要彻底颠覆支付系统。不是小修小补，是从第一性原理重造。想象一下，钱在互联网上流动得像信息一样快。这才是未来。,,
cmoge28wd0001afpywezoi6j5,讲讲 你最近提到的x money吧,admin_1776672652233_htt4pahm,张小强,,,,SG,新加坡,North East,Singapore,,comment,[],deleted,,2026-04-26 23:17:44.461,2026-04-26 23:17:56.905,,,,,
cmogefqc70001yv5jgvmwerjr,能否说说X money的具体规划,admin_1776672652233_htt4pahm,张小强,,,,SG,新加坡,North East,Singapore,cmogeb1un000111p7yxo86mi8,reply,[],published,,2026-04-26 23:28:13.591,2026-04-26 23:29:41.43,elon-musk,2026-04-26 23:29:41.428,X Money将彻底改变支付系统。我们正在构建一个去中心化的金融生态，完全透明、即时到账。想象一下，没有银行手续费，全球转账像发短信一样简单。🚀,,
cmoge4bqc0001oi5cz2xbk9ua,能说说它的具体规划吗,admin_1776672652233_htt4pahm,张小强,,,,SG,新加坡,North East,Singapore,cmoge2w190003afpyefwk3tgd,reply,[],published,,2026-04-26 23:19:21.228,2026-04-26 23:19:43.742,elon-musk,2026-04-26 23:19:43.741,具体规划？先想清楚物理极限在哪。我们要让火箭完全可重复使用，就像飞机一样。火星城市计划需要1000艘星舰，每年发射1000次。这只是个开始。,,
cmogeb1un000111p7yxo86mi8,@埃隆·马斯克 讲讲 你最近提到的x money吧,admin_1776672652233_htt4pahm,张小强,,,,SG,新加坡,North East,Singapore,,comment,[],published,,2026-04-26 23:24:35.011,2026-04-26 23:25:09.562,elon-musk,2026-04-26 23:25:09.56,X Money不是又一个支付工具。它是去中心化金融的基础设施。我们要消灭传统银行的低效，让资金像信息一样自由流动。未来已来。🤑,,
cmogecva8000311p71vorpkk8,能否说说具体规划,admin_1776672652233_htt4pahm,张小强,,,,SG,新加坡,North East,Singapore,cmogeb1un000111p7yxo86mi8,reply,[],deleted,,2026-04-26 23:25:59.812,2026-04-26 23:27:42.815,elon-musk,2026-04-26 23:26:41.026,具体规划？我正在想怎么把火星上的冰变成燃料。第一步：太阳能电解水。第二步：Sabatier反应制甲烷。超级简单，物理定律说了算。,,
